<?xml version="1.0" encoding="UTF-8"?>
<CustomApplication xmlns="http://soap.sforce.com/2006/04/metadata">
    <brand>
        <headerColor>#5778D4</headerColor>
        <shouldOverrideOrgTheme>false</shouldOverrideOrgTheme>
    </brand>
    <description>Managing various Partners tied to the organization - Search, Engage, Report performance &amp; Log Review</description>
    <formFactors>Small</formFactors>
    <formFactors>Large</formFactors>
    <isNavAutoTempTabsDisabled>false</isNavAutoTempTabsDisabled>
    <isNavPersonalizationDisabled>false</isNavPersonalizationDisabled>
    <isNavTabPersistenceDisabled>false</isNavTabPersistenceDisabled>
    <label>Partner Management</label>
    <navType>Standard</navType>
    <tabs>Partner_Management</tabs>
    <tabs>Rate_Partner_Performance</tabs>
    <tabs>standard-Account</tabs>
    <tabs>standard-Contact</tabs>
    <tabs>Partner_Type__c</tabs>
    <tabs>Partner_Performance_Review__c</tabs>
    <uiType>Lightning</uiType>
    <utilityBar>Partner_Management_UtilityBar</utilityBar>
</CustomApplication>
