<?xml version="1.0" encoding="UTF-8"?>
<CustomField xmlns="http://soap.sforce.com/2006/04/metadata">
    <fullName>Partner_Account__c</fullName>
    <externalId>false</externalId>
    <label>Partner Account</label>
    <referenceTo>Account</referenceTo>
    <relationshipLabel>Partner Performance Reviews</relationshipLabel>
    <relationshipName>Partner_Performance_Reviews</relationshipName>
    <relationshipOrder>0</relationshipOrder>
    <reparentableMasterDetail>false</reparentableMasterDetail>
    <trackHistory>false</trackHistory>
    <trackTrending>false</trackTrending>
    <type>MasterDetail</type>
    <writeRequiresMasterRead>false</writeRequiresMasterRead>
</CustomField>
