<?xml version="1.0" encoding="UTF-8"?>
<CustomField xmlns="http://soap.sforce.com/2006/04/metadata">
    <fullName>Partner_Business_Planning__c</fullName>
    <externalId>false</externalId>
    <label>Partner Business Planning</label>
    <required>false</required>
    <trackHistory>false</trackHistory>
    <trackTrending>false</trackTrending>
    <type>Picklist</type>
    <valueSet>
        <valueSetDefinition>
            <sorted>false</sorted>
            <value>
                <fullName>Good</fullName>
                <default>false</default>
                <label>Good</label>
            </value>
            <value>
                <fullName>Average</fullName>
                <default>false</default>
                <label>Average</label>
            </value>
            <value>
                <fullName>Needs Improvement</fullName>
                <default>false</default>
                <label>Needs Improvement</label>
            </value>
            <value>
                <fullName>Low Quality</fullName>
                <default>false</default>
                <label>Low Quality</label>
            </value>
        </valueSetDefinition>
    </valueSet>
</CustomField>
