<?xml version="1.0" encoding="UTF-8"?>
<CustomField xmlns="http://soap.sforce.com/2006/04/metadata">
    <fullName>Partner_Type_Lookup__c</fullName>
    <deleteConstraint>SetNull</deleteConstraint>
    <externalId>false</externalId>
    <label>Partner Type</label>
    <referenceTo>Partner_Type__c</referenceTo>
    <relationshipLabel>Partner Type</relationshipLabel>
    <relationshipName>PartnerTypes</relationshipName>
    <required>false</required>
    <trackFeedHistory>false</trackFeedHistory>
    <type>Lookup</type>
</CustomField>
