{
    "records": [
        {
            "attributes": {
                "type": "Contact",
                "referenceId": "ContactRef1"
            },
            "FirstName": "Adam",
            "LastName": "Meri",
            "Title": null,
            "Salutation": "Mr.",
            "AccountId": "@AccountRef1"
        },
        {
            "attributes": {
                "type": "Contact",
                "referenceId": "ContactRef2"
            },
            "FirstName": "Gilbert",
            "LastName": "Anthoy",
            "Title": null,
            "Salutation": "Mr.",
            "AccountId": "@AccountRef2"
        },
        {
            "attributes": {
                "type": "Contact",
                "referenceId": "ContactRef3"
            },
            "FirstName": "Kate",
            "LastName": "Willamson",
            "Title": null,
            "Salutation": "Ms.",
            "AccountId": "@AccountRef3"
        },
        {
            "attributes": {
                "type": "Contact",
                "referenceId": "ContactRef4"
            },
            "FirstName": "Samantha",
            "LastName": "Joel",
            "Title": null,
            "Salutation": "Ms.",
            "AccountId": "@AccountRef4"
        },
        {
            "attributes": {
                "type": "Contact",
                "referenceId": "ContactRef5"
            },
            "FirstName": "Amy",
            "LastName": "Jackson",
            "Title": null,
            "Salutation": "Ms.",
            "AccountId": "@AccountRef5"
        },
        {
            "attributes": {
                "type": "Contact",
                "referenceId": "ContactRef6"
            },
            "FirstName": "James",
            "LastName": "Peterson",
            "Title": null,
            "Salutation": "Mr.",
            "AccountId": "@AccountRef6"
        },
        {
            "attributes": {
                "type": "Contact",
                "referenceId": "ContactRef7"
            },
            "FirstName": "Kiara",
            "LastName": "S",
            "Title": null,
            "Salutation": "Ms.",
            "AccountId": "@AccountRef7"
        },
        {
            "attributes": {
                "type": "Contact",
                "referenceId": "ContactRef8"
            },
            "FirstName": "Sultana",
            "LastName": "Rish",
            "Title": null,
            "Salutation": "Ms.",
            "AccountId": "@AccountRef8"
        },
        {
            "attributes": {
                "type": "Contact",
                "referenceId": "ContactRef9"
            },
            "FirstName": "Sameera",
            "LastName": "Reddy",
            "Title": null,
            "Salutation": "Ms.",
            "AccountId": "@AccountRef9"
        },
        {
            "attributes": {
                "type": "Contact",
                "referenceId": "ContactRef10"
            },
            "FirstName": "Peterson",
            "LastName": "Jose",
            "Title": null,
            "Salutation": "Mr.",
            "AccountId": "@AccountRef10"
        },
        {
            "attributes": {
                "type": "Contact",
                "referenceId": "ContactRef11"
            },
            "FirstName": "Lilly",
            "LastName": "Smith",
            "Title": null,
            "Salutation": "Ms.",
            "AccountId": "@AccountRef11"
        }
    ]
}